id; timeseriesId; moduleId; valueType; parameter; location; timeseriesType; timeStep
1; 18dfb9dfe66bd30e8d5259ff81daadd3fa669ff17427052df9b7d0bb13cc09b1; FLO2D; Grid; {"parameterId":"O.Waterlevel","variable":"Waterlevel","unit":"m","parameterType":"Instantaneous"}; {"locationId":"wdias_hanwella_basin_01","description":"Hanwella Basin 01","rows":120,"columns":139,"geoDatum":"Kandawala","gridFirstCell":{"firstCellCenter":{"x":397074.0,"y":504875.0},"xCellSize":250,"yCellSize":250}}; ExternalHistorical; {"timeStepId":"each_15_min","unit":"Minute","multiplier":15}
2; 208b426665a6b6d26f1e342482ca8953133a268eaca54f31eeea882a60d3844c; FLO2D; Grid; {"parameterId":"O.Waterlevel","variable":"Waterlevel","unit":"m","parameterType":"Instantaneous"}; {"locationId":"wdias_hanwella_basin_02","description":"Hanwella Basin 02","rows":120,"columns":139,"geoDatum":"Kandawala","gridFirstCell":{"firstCellCenter":{"x":397074.0,"y":504875.0},"xCellSize":250,"yCellSize":250}}; ExternalHistorical; {"timeStepId":"each_15_min","unit":"Minute","multiplier":15}
3; 8a17dbdba74f45a06f6230adf21d61afe783389da46841b02e98fc9f4f9f65dc; FLO2D; Grid; {"parameterId":"O.Waterlevel","variable":"Waterlevel","unit":"m","parameterType":"Instantaneous"}; {"locationId":"wdias_hanwella_basin_03","description":"Hanwella Basin 03","rows":120,"columns":139,"geoDatum":"Kandawala","gridFirstCell":{"firstCellCenter":{"x":397074.0,"y":504875.0},"xCellSize":250,"yCellSize":250}}; ExternalHistorical; {"timeStepId":"each_15_min","unit":"Minute","multiplier":15}
4; 712d0693597a3d260e8bb6a2e443e5551b8bc77524e609ec74b228a3b159c39b; FLO2D; Grid; {"parameterId":"O.Waterlevel","variable":"Waterlevel","unit":"m","parameterType":"Instantaneous"}; {"locationId":"wdias_hanwella_basin_04","description":"Hanwella Basin 04","rows":120,"columns":139,"geoDatum":"Kandawala","gridFirstCell":{"firstCellCenter":{"x":397074.0,"y":504875.0},"xCellSize":250,"yCellSize":250}}; ExternalHistorical; {"timeStepId":"each_15_min","unit":"Minute","multiplier":15}
5; a8006303c56b1a7fa79283c15dbad3db843bde40d7810adf050f05d4fed8c9ce; FLO2D; Grid; {"parameterId":"O.Waterlevel","variable":"Waterlevel","unit":"m","parameterType":"Instantaneous"}; {"locationId":"wdias_hanwella_basin_05","description":"Hanwella Basin 05","rows":120,"columns":139,"geoDatum":"Kandawala","gridFirstCell":{"firstCellCenter":{"x":397074.0,"y":504875.0},"xCellSize":250,"yCellSize":250}}; ExternalHistorical; {"timeStepId":"each_15_min","unit":"Minute","multiplier":15}
6; 7ca2f9d4b37a05c1356ad8b232a9a517e509b8281d54258eaebee40b7303a6b1; FLO2D; Grid; {"parameterId":"O.Waterlevel","variable":"Waterlevel","unit":"m","parameterType":"Instantaneous"}; {"locationId":"wdias_hanwella_basin_06","description":"Hanwella Basin 06","rows":120,"columns":139,"geoDatum":"Kandawala","gridFirstCell":{"firstCellCenter":{"x":397074.0,"y":504875.0},"xCellSize":250,"yCellSize":250}}; ExternalHistorical; {"timeStepId":"each_15_min","unit":"Minute","multiplier":15}
7; 1c9530c762b0c4663c64b9245d4fd70bf5daae8670e74aff654212c7c293d618; FLO2D; Grid; {"parameterId":"O.Waterlevel","variable":"Waterlevel","unit":"m","parameterType":"Instantaneous"}; {"locationId":"wdias_hanwella_basin_07","description":"Hanwella Basin 07","rows":120,"columns":139,"geoDatum":"Kandawala","gridFirstCell":{"firstCellCenter":{"x":397074.0,"y":504875.0},"xCellSize":250,"yCellSize":250}}; ExternalHistorical; {"timeStepId":"each_15_min","unit":"Minute","multiplier":15}
8; 5b1517b49d1a941466680a53123fe326b9ad56f254419600cadcbdbbd776bd54; FLO2D; Grid; {"parameterId":"O.Waterlevel","variable":"Waterlevel","unit":"m","parameterType":"Instantaneous"}; {"locationId":"wdias_hanwella_basin_08","description":"Hanwella Basin 08","rows":120,"columns":139,"geoDatum":"Kandawala","gridFirstCell":{"firstCellCenter":{"x":397074.0,"y":504875.0},"xCellSize":250,"yCellSize":250}}; ExternalHistorical; {"timeStepId":"each_15_min","unit":"Minute","multiplier":15}
9; 15ff0ef993f0360b8387070aa166784f45bc2109b8ac94b2fa9b336a2033709a; FLO2D; Grid; {"parameterId":"O.Waterlevel","variable":"Waterlevel","unit":"m","parameterType":"Instantaneous"}; {"locationId":"wdias_hanwella_basin_09","description":"Hanwella Basin 09","rows":120,"columns":139,"geoDatum":"Kandawala","gridFirstCell":{"firstCellCenter":{"x":397074.0,"y":504875.0},"xCellSize":250,"yCellSize":250}}; ExternalHistorical; {"timeStepId":"each_15_min","unit":"Minute","multiplier":15}
10; 17376fc0c2b8fd7aec7690e5a588ef0570d4e16cad11d47aee7e3b9f8d1a9988; FLO2D; Grid; {"parameterId":"O.Waterlevel","variable":"Waterlevel","unit":"m","parameterType":"Instantaneous"}; {"locationId":"wdias_hanwella_basin_10","description":"Hanwella Basin 10","rows":120,"columns":139,"geoDatum":"Kandawala","gridFirstCell":{"firstCellCenter":{"x":397074.0,"y":504875.0},"xCellSize":250,"yCellSize":250}}; ExternalHistorical; {"timeStepId":"each_15_min","unit":"Minute","multiplier":15}
11; 6a71845fa6e4e119e9463daae0c2216309391883b4f4198e9f4d1162147068e5; FLO2D; Grid; {"parameterId":"O.Waterlevel","variable":"Waterlevel","unit":"m","parameterType":"Instantaneous"}; {"locationId":"wdias_hanwella_basin_11","description":"Hanwella Basin 11","rows":120,"columns":139,"geoDatum":"Kandawala","gridFirstCell":{"firstCellCenter":{"x":397074.0,"y":504875.0},"xCellSize":250,"yCellSize":250}}; ExternalHistorical; {"timeStepId":"each_15_min","unit":"Minute","multiplier":15}
12; afbb042ff71d88a1103026fb0ab943e513fcc57eeb7bacd5713530f299d5fa12; FLO2D; Grid; {"parameterId":"O.Waterlevel","variable":"Waterlevel","unit":"m","parameterType":"Instantaneous"}; {"locationId":"wdias_hanwella_basin_12","description":"Hanwella Basin 12","rows":120,"columns":139,"geoDatum":"Kandawala","gridFirstCell":{"firstCellCenter":{"x":397074.0,"y":504875.0},"xCellSize":250,"yCellSize":250}}; ExternalHistorical; {"timeStepId":"each_15_min","unit":"Minute","multiplier":15}
13; 0b6a50014037efde9aec874a4b11239b2ca394e28e7be86792a442df51611a78; FLO2D; Grid; {"parameterId":"O.Waterlevel","variable":"Waterlevel","unit":"m","parameterType":"Instantaneous"}; {"locationId":"wdias_hanwella_basin_13","description":"Hanwella Basin 13","rows":120,"columns":139,"geoDatum":"Kandawala","gridFirstCell":{"firstCellCenter":{"x":397074.0,"y":504875.0},"xCellSize":250,"yCellSize":250}}; ExternalHistorical; {"timeStepId":"each_15_min","unit":"Minute","multiplier":15}
14; d0c68645163046d6024aa3c41ba3dcb9d339cc36485702413169daaf2eb9d6de; FLO2D; Grid; {"parameterId":"O.Waterlevel","variable":"Waterlevel","unit":"m","parameterType":"Instantaneous"}; {"locationId":"wdias_hanwella_basin_14","description":"Hanwella Basin 14","rows":120,"columns":139,"geoDatum":"Kandawala","gridFirstCell":{"firstCellCenter":{"x":397074.0,"y":504875.0},"xCellSize":250,"yCellSize":250}}; ExternalHistorical; {"timeStepId":"each_15_min","unit":"Minute","multiplier":15}
15; 34e20586b5123a2915f6b4b4441b0a547f76404cc29003ce70be974eaccaf3f2; FLO2D; Grid; {"parameterId":"O.Waterlevel","variable":"Waterlevel","unit":"m","parameterType":"Instantaneous"}; {"locationId":"wdias_hanwella_basin_15","description":"Hanwella Basin 15","rows":120,"columns":139,"geoDatum":"Kandawala","gridFirstCell":{"firstCellCenter":{"x":397074.0,"y":504875.0},"xCellSize":250,"yCellSize":250}}; ExternalHistorical; {"timeStepId":"each_15_min","unit":"Minute","multiplier":15}
16; 038664623d78fd2aab352b03b78666c33aefa00140873188b31a30c68b99f1db; FLO2D; Grid; {"parameterId":"O.Waterlevel","variable":"Waterlevel","unit":"m","parameterType":"Instantaneous"}; {"locationId":"wdias_hanwella_basin_16","description":"Hanwella Basin 16","rows":120,"columns":139,"geoDatum":"Kandawala","gridFirstCell":{"firstCellCenter":{"x":397074.0,"y":504875.0},"xCellSize":250,"yCellSize":250}}; ExternalHistorical; {"timeStepId":"each_15_min","unit":"Minute","multiplier":15}
17; ef754e50cd29d5792fb5280d52a04154425b89e03ce3e3e3a410f258a26abc13; FLO2D; Grid; {"parameterId":"O.Waterlevel","variable":"Waterlevel","unit":"m","parameterType":"Instantaneous"}; {"locationId":"wdias_hanwella_basin_17","description":"Hanwella Basin 17","rows":120,"columns":139,"geoDatum":"Kandawala","gridFirstCell":{"firstCellCenter":{"x":397074.0,"y":504875.0},"xCellSize":250,"yCellSize":250}}; ExternalHistorical; {"timeStepId":"each_15_min","unit":"Minute","multiplier":15}
18; 3416e28668abc91837adf913e11c6a7bd90cee2b8fd4ffd0b3e656b8cc7681a7; FLO2D; Grid; {"parameterId":"O.Waterlevel","variable":"Waterlevel","unit":"m","parameterType":"Instantaneous"}; {"locationId":"wdias_hanwella_basin_18","description":"Hanwella Basin 18","rows":120,"columns":139,"geoDatum":"Kandawala","gridFirstCell":{"firstCellCenter":{"x":397074.0,"y":504875.0},"xCellSize":250,"yCellSize":250}}; ExternalHistorical; {"timeStepId":"each_15_min","unit":"Minute","multiplier":15}
19; 19875489d7781d407b181053e4633e7f063fb3575ece48405e500b874e0f33a3; FLO2D; Grid; {"parameterId":"O.Waterlevel","variable":"Waterlevel","unit":"m","parameterType":"Instantaneous"}; {"locationId":"wdias_hanwella_basin_19","description":"Hanwella Basin 19","rows":120,"columns":139,"geoDatum":"Kandawala","gridFirstCell":{"firstCellCenter":{"x":397074.0,"y":504875.0},"xCellSize":250,"yCellSize":250}}; ExternalHistorical; {"timeStepId":"each_15_min","unit":"Minute","multiplier":15}
20; 0ca1fde412db62fef96a8bc057db1ccfe0d84401d2203387609dce71a23b605e; FLO2D; Grid; {"parameterId":"O.Waterlevel","variable":"Waterlevel","unit":"m","parameterType":"Instantaneous"}; {"locationId":"wdias_hanwella_basin_20","description":"Hanwella Basin 20","rows":120,"columns":139,"geoDatum":"Kandawala","gridFirstCell":{"firstCellCenter":{"x":397074.0,"y":504875.0},"xCellSize":250,"yCellSize":250}}; ExternalHistorical; {"timeStepId":"each_15_min","unit":"Minute","multiplier":15}
21; 61b29ec8e6cdf06643f67da8f0f6e9fd2b2e3943feb2ea14ec58a2ac660557ab; FLO2D; Grid; {"parameterId":"O.Waterlevel","variable":"Waterlevel","unit":"m","parameterType":"Instantaneous"}; {"locationId":"wdias_hanwella_basin_21","description":"Hanwella Basin 21","rows":120,"columns":139,"geoDatum":"Kandawala","gridFirstCell":{"firstCellCenter":{"x":397074.0,"y":504875.0},"xCellSize":250,"yCellSize":250}}; ExternalHistorical; {"timeStepId":"each_15_min","unit":"Minute","multiplier":15}
22; 1decef951396d489b5c1ec00d869a915202861acdebb3cc6f67f32fd1b100d94; FLO2D; Grid; {"parameterId":"O.Waterlevel","variable":"Waterlevel","unit":"m","parameterType":"Instantaneous"}; {"locationId":"wdias_hanwella_basin_22","description":"Hanwella Basin 22","rows":120,"columns":139,"geoDatum":"Kandawala","gridFirstCell":{"firstCellCenter":{"x":397074.0,"y":504875.0},"xCellSize":250,"yCellSize":250}}; ExternalHistorical; {"timeStepId":"each_15_min","unit":"Minute","multiplier":15}
23; 54abe2f2c83613c65e7949e1cb20ca030a84254c3bb82733e9d40493344bbaeb; FLO2D; Grid; {"parameterId":"O.Waterlevel","variable":"Waterlevel","unit":"m","parameterType":"Instantaneous"}; {"locationId":"wdias_hanwella_basin_23","description":"Hanwella Basin 23","rows":120,"columns":139,"geoDatum":"Kandawala","gridFirstCell":{"firstCellCenter":{"x":397074.0,"y":504875.0},"xCellSize":250,"yCellSize":250}}; ExternalHistorical; {"timeStepId":"each_15_min","unit":"Minute","multiplier":15}
24; 9e1e88025f1d59a7d8ac6576ff390df397f3d48603fe7f0bb71f2f01ccb48060; FLO2D; Grid; {"parameterId":"O.Waterlevel","variable":"Waterlevel","unit":"m","parameterType":"Instantaneous"}; {"locationId":"wdias_hanwella_basin_24","description":"Hanwella Basin 24","rows":120,"columns":139,"geoDatum":"Kandawala","gridFirstCell":{"firstCellCenter":{"x":397074.0,"y":504875.0},"xCellSize":250,"yCellSize":250}}; ExternalHistorical; {"timeStepId":"each_15_min","unit":"Minute","multiplier":15}
25; c33fb665266b7acbe6fa12b7d6aee661f9879957fd17d74298647458a218f37f; FLO2D; Grid; {"parameterId":"O.Waterlevel","variable":"Waterlevel","unit":"m","parameterType":"Instantaneous"}; {"locationId":"wdias_hanwella_basin_25","description":"Hanwella Basin 25","rows":120,"columns":139,"geoDatum":"Kandawala","gridFirstCell":{"firstCellCenter":{"x":397074.0,"y":504875.0},"xCellSize":250,"yCellSize":250}}; ExternalHistorical; {"timeStepId":"each_15_min","unit":"Minute","multiplier":15}
26; 4f12c2dda08d730190985b2abec7252a2d08454255649d1cd2193abf74daf038; FLO2D; Grid; {"parameterId":"O.Waterlevel","variable":"Waterlevel","unit":"m","parameterType":"Instantaneous"}; {"locationId":"wdias_hanwella_basin_26","description":"Hanwella Basin 26","rows":120,"columns":139,"geoDatum":"Kandawala","gridFirstCell":{"firstCellCenter":{"x":397074.0,"y":504875.0},"xCellSize":250,"yCellSize":250}}; ExternalHistorical; {"timeStepId":"each_15_min","unit":"Minute","multiplier":15}
27; a26bbb6784f250683061e0e546553a43a1fe722360f39eef9d2cf19933519202; FLO2D; Grid; {"parameterId":"O.Waterlevel","variable":"Waterlevel","unit":"m","parameterType":"Instantaneous"}; {"locationId":"wdias_hanwella_basin_27","description":"Hanwella Basin 27","rows":120,"columns":139,"geoDatum":"Kandawala","gridFirstCell":{"firstCellCenter":{"x":397074.0,"y":504875.0},"xCellSize":250,"yCellSize":250}}; ExternalHistorical; {"timeStepId":"each_15_min","unit":"Minute","multiplier":15}
28; 8f05671c24bfa06108600e98e3dfb27941d841112fe5a858f409023c41740de5; FLO2D; Grid; {"parameterId":"O.Waterlevel","variable":"Waterlevel","unit":"m","parameterType":"Instantaneous"}; {"locationId":"wdias_hanwella_basin_28","description":"Hanwella Basin 28","rows":120,"columns":139,"geoDatum":"Kandawala","gridFirstCell":{"firstCellCenter":{"x":397074.0,"y":504875.0},"xCellSize":250,"yCellSize":250}}; ExternalHistorical; {"timeStepId":"each_15_min","unit":"Minute","multiplier":15}
29; a94192e78a790ff19616c3855093a8ac40f95605c3b7d85db16fa2026377fd93; FLO2D; Grid; {"parameterId":"O.Waterlevel","variable":"Waterlevel","unit":"m","parameterType":"Instantaneous"}; {"locationId":"wdias_hanwella_basin_29","description":"Hanwella Basin 29","rows":120,"columns":139,"geoDatum":"Kandawala","gridFirstCell":{"firstCellCenter":{"x":397074.0,"y":504875.0},"xCellSize":250,"yCellSize":250}}; ExternalHistorical; {"timeStepId":"each_15_min","unit":"Minute","multiplier":15}
30; e291cb57d2fd2280454cd819c6a0f286cb7c75ff7f9baf968f673595cc5f3e0c; FLO2D; Grid; {"parameterId":"O.Waterlevel","variable":"Waterlevel","unit":"m","parameterType":"Instantaneous"}; {"locationId":"wdias_hanwella_basin_30","description":"Hanwella Basin 30","rows":120,"columns":139,"geoDatum":"Kandawala","gridFirstCell":{"firstCellCenter":{"x":397074.0,"y":504875.0},"xCellSize":250,"yCellSize":250}}; ExternalHistorical; {"timeStepId":"each_15_min","unit":"Minute","multiplier":15}
31; 77232ef386ac1e9bcb27444163eca21dff58d35630dbdf625d96c9e99b504401; FLO2D; Grid; {"parameterId":"O.Waterlevel","variable":"Waterlevel","unit":"m","parameterType":"Instantaneous"}; {"locationId":"wdias_hanwella_basin_31","description":"Hanwella Basin 31","rows":120,"columns":139,"geoDatum":"Kandawala","gridFirstCell":{"firstCellCenter":{"x":397074.0,"y":504875.0},"xCellSize":250,"yCellSize":250}}; ExternalHistorical; {"timeStepId":"each_15_min","unit":"Minute","multiplier":15}
32; fed72ea27cd5c72d527c8d42af76e426e877c34fd1273cd2d174dd919307f3f4; FLO2D; Grid; {"parameterId":"O.Waterlevel","variable":"Waterlevel","unit":"m","parameterType":"Instantaneous"}; {"locationId":"wdias_hanwella_basin_32","description":"Hanwella Basin 32","rows":120,"columns":139,"geoDatum":"Kandawala","gridFirstCell":{"firstCellCenter":{"x":397074.0,"y":504875.0},"xCellSize":250,"yCellSize":250}}; ExternalHistorical; {"timeStepId":"each_15_min","unit":"Minute","multiplier":15}
33; 2341502677e29e01495eaa02cb9e3a01477f10ddd7f269459815b5da01301f85; FLO2D; Grid; {"parameterId":"O.Waterlevel","variable":"Waterlevel","unit":"m","parameterType":"Instantaneous"}; {"locationId":"wdias_hanwella_basin_33","description":"Hanwella Basin 33","rows":120,"columns":139,"geoDatum":"Kandawala","gridFirstCell":{"firstCellCenter":{"x":397074.0,"y":504875.0},"xCellSize":250,"yCellSize":250}}; ExternalHistorical; {"timeStepId":"each_15_min","unit":"Minute","multiplier":15}
34; a3445569e41831bdd3b3521477311702cf3d043cfaa36e5973686e57ccda99dd; FLO2D; Grid; {"parameterId":"O.Waterlevel","variable":"Waterlevel","unit":"m","parameterType":"Instantaneous"}; {"locationId":"wdias_hanwella_basin_34","description":"Hanwella Basin 34","rows":120,"columns":139,"geoDatum":"Kandawala","gridFirstCell":{"firstCellCenter":{"x":397074.0,"y":504875.0},"xCellSize":250,"yCellSize":250}}; ExternalHistorical; {"timeStepId":"each_15_min","unit":"Minute","multiplier":15}
35; c2314697267378117f28cd5fc60a4481d2f5664d976bca6e126dd1ae4a16e464; FLO2D; Grid; {"parameterId":"O.Waterlevel","variable":"Waterlevel","unit":"m","parameterType":"Instantaneous"}; {"locationId":"wdias_hanwella_basin_35","description":"Hanwella Basin 35","rows":120,"columns":139,"geoDatum":"Kandawala","gridFirstCell":{"firstCellCenter":{"x":397074.0,"y":504875.0},"xCellSize":250,"yCellSize":250}}; ExternalHistorical; {"timeStepId":"each_15_min","unit":"Minute","multiplier":15}
36; 1fbb06add273f051ed21274054b7c79e250fb91dc1cc451177c68f4c2daabd6f; FLO2D; Grid; {"parameterId":"O.Waterlevel","variable":"Waterlevel","unit":"m","parameterType":"Instantaneous"}; {"locationId":"wdias_hanwella_basin_36","description":"Hanwella Basin 36","rows":120,"columns":139,"geoDatum":"Kandawala","gridFirstCell":{"firstCellCenter":{"x":397074.0,"y":504875.0},"xCellSize":250,"yCellSize":250}}; ExternalHistorical; {"timeStepId":"each_15_min","unit":"Minute","multiplier":15}
37; 61a59007af70d3c595ad9546efd8a9cddd36b7e0cfb6e14815d24dad62e0ff72; FLO2D; Grid; {"parameterId":"O.Waterlevel","variable":"Waterlevel","unit":"m","parameterType":"Instantaneous"}; {"locationId":"wdias_hanwella_basin_37","description":"Hanwella Basin 37","rows":120,"columns":139,"geoDatum":"Kandawala","gridFirstCell":{"firstCellCenter":{"x":397074.0,"y":504875.0},"xCellSize":250,"yCellSize":250}}; ExternalHistorical; {"timeStepId":"each_15_min","unit":"Minute","multiplier":15}
38; d125cb4479eee85c9d60951ecce6a1ce01a14bb8faa3103fab020f1142487226; FLO2D; Grid; {"parameterId":"O.Waterlevel","variable":"Waterlevel","unit":"m","parameterType":"Instantaneous"}; {"locationId":"wdias_hanwella_basin_38","description":"Hanwella Basin 38","rows":120,"columns":139,"geoDatum":"Kandawala","gridFirstCell":{"firstCellCenter":{"x":397074.0,"y":504875.0},"xCellSize":250,"yCellSize":250}}; ExternalHistorical; {"timeStepId":"each_15_min","unit":"Minute","multiplier":15}
39; fa3e8a2225d530cfabbf06e81bc14687bb5976ad3e1dab5ea21779fb914fddd3; FLO2D; Grid; {"parameterId":"O.Waterlevel","variable":"Waterlevel","unit":"m","parameterType":"Instantaneous"}; {"locationId":"wdias_hanwella_basin_39","description":"Hanwella Basin 39","rows":120,"columns":139,"geoDatum":"Kandawala","gridFirstCell":{"firstCellCenter":{"x":397074.0,"y":504875.0},"xCellSize":250,"yCellSize":250}}; ExternalHistorical; {"timeStepId":"each_15_min","unit":"Minute","multiplier":15}
40; f25604f6c16726ea212e0159a44db3aecb68b1b38c6b489583ebbb5c82b27f99; FLO2D; Grid; {"parameterId":"O.Waterlevel","variable":"Waterlevel","unit":"m","parameterType":"Instantaneous"}; {"locationId":"wdias_hanwella_basin_40","description":"Hanwella Basin 40","rows":120,"columns":139,"geoDatum":"Kandawala","gridFirstCell":{"firstCellCenter":{"x":397074.0,"y":504875.0},"xCellSize":250,"yCellSize":250}}; ExternalHistorical; {"timeStepId":"each_15_min","unit":"Minute","multiplier":15}
41; eaf0e41241b8058092ff2a940c028f5a85b8bc519069e3a93d85527e7c84fe52; FLO2D; Grid; {"parameterId":"O.Waterlevel","variable":"Waterlevel","unit":"m","parameterType":"Instantaneous"}; {"locationId":"wdias_hanwella_basin_41","description":"Hanwella Basin 41","rows":120,"columns":139,"geoDatum":"Kandawala","gridFirstCell":{"firstCellCenter":{"x":397074.0,"y":504875.0},"xCellSize":250,"yCellSize":250}}; ExternalHistorical; {"timeStepId":"each_15_min","unit":"Minute","multiplier":15}
42; 084fcdbbbfec433f5d03f6715dc4bcd58e605a772cdfe4ae5ec7f7dafa61edaf; FLO2D; Grid; {"parameterId":"O.Waterlevel","variable":"Waterlevel","unit":"m","parameterType":"Instantaneous"}; {"locationId":"wdias_hanwella_basin_42","description":"Hanwella Basin 42","rows":120,"columns":139,"geoDatum":"Kandawala","gridFirstCell":{"firstCellCenter":{"x":397074.0,"y":504875.0},"xCellSize":250,"yCellSize":250}}; ExternalHistorical; {"timeStepId":"each_15_min","unit":"Minute","multiplier":15}
43; ec416bab2278bad5c7616d8b3ef90bf66c8ac70de8903ea2fd8c8b4ff64d6239; FLO2D; Grid; {"parameterId":"O.Waterlevel","variable":"Waterlevel","unit":"m","parameterType":"Instantaneous"}; {"locationId":"wdias_hanwella_basin_43","description":"Hanwella Basin 43","rows":120,"columns":139,"geoDatum":"Kandawala","gridFirstCell":{"firstCellCenter":{"x":397074.0,"y":504875.0},"xCellSize":250,"yCellSize":250}}; ExternalHistorical; {"timeStepId":"each_15_min","unit":"Minute","multiplier":15}
44; 3b2e70c565cabf9076562b26ff8979f8a322bc25c882f1cf074dbc10de130632; FLO2D; Grid; {"parameterId":"O.Waterlevel","variable":"Waterlevel","unit":"m","parameterType":"Instantaneous"}; {"locationId":"wdias_hanwella_basin_44","description":"Hanwella Basin 44","rows":120,"columns":139,"geoDatum":"Kandawala","gridFirstCell":{"firstCellCenter":{"x":397074.0,"y":504875.0},"xCellSize":250,"yCellSize":250}}; ExternalHistorical; {"timeStepId":"each_15_min","unit":"Minute","multiplier":15}
45; 68042cfd2f616a3482f8bd2d7be9fb4b89621e74a520d90cbbae2c84b9135ccd; FLO2D; Grid; {"parameterId":"O.Waterlevel","variable":"Waterlevel","unit":"m","parameterType":"Instantaneous"}; {"locationId":"wdias_hanwella_basin_45","description":"Hanwella Basin 45","rows":120,"columns":139,"geoDatum":"Kandawala","gridFirstCell":{"firstCellCenter":{"x":397074.0,"y":504875.0},"xCellSize":250,"yCellSize":250}}; ExternalHistorical; {"timeStepId":"each_15_min","unit":"Minute","multiplier":15}
46; c1d1a1f0ec621f62c2c88b11afbbc420b9de9a6d2059f3d005bf17d4f04f8e6d; FLO2D; Grid; {"parameterId":"O.Waterlevel","variable":"Waterlevel","unit":"m","parameterType":"Instantaneous"}; {"locationId":"wdias_hanwella_basin_46","description":"Hanwella Basin 46","rows":120,"columns":139,"geoDatum":"Kandawala","gridFirstCell":{"firstCellCenter":{"x":397074.0,"y":504875.0},"xCellSize":250,"yCellSize":250}}; ExternalHistorical; {"timeStepId":"each_15_min","unit":"Minute","multiplier":15}
47; 21bee39db4551f23a705e7472bc6ab9c885e2dd6dabdf6cac0ad2664825a45c1; FLO2D; Grid; {"parameterId":"O.Waterlevel","variable":"Waterlevel","unit":"m","parameterType":"Instantaneous"}; {"locationId":"wdias_hanwella_basin_47","description":"Hanwella Basin 47","rows":120,"columns":139,"geoDatum":"Kandawala","gridFirstCell":{"firstCellCenter":{"x":397074.0,"y":504875.0},"xCellSize":250,"yCellSize":250}}; ExternalHistorical; {"timeStepId":"each_15_min","unit":"Minute","multiplier":15}
48; cb5c8383304205dfdcb4a0fc30e2afd76874b10df5054788aecdfefa8ddba526; FLO2D; Grid; {"parameterId":"O.Waterlevel","variable":"Waterlevel","unit":"m","parameterType":"Instantaneous"}; {"locationId":"wdias_hanwella_basin_48","description":"Hanwella Basin 48","rows":120,"columns":139,"geoDatum":"Kandawala","gridFirstCell":{"firstCellCenter":{"x":397074.0,"y":504875.0},"xCellSize":250,"yCellSize":250}}; ExternalHistorical; {"timeStepId":"each_15_min","unit":"Minute","multiplier":15}
49; 52845e206675b09736b36704ef764f5bd86eea035cc2a71484abcc83b5726e65; FLO2D; Grid; {"parameterId":"O.Waterlevel","variable":"Waterlevel","unit":"m","parameterType":"Instantaneous"}; {"locationId":"wdias_hanwella_basin_49","description":"Hanwella Basin 49","rows":120,"columns":139,"geoDatum":"Kandawala","gridFirstCell":{"firstCellCenter":{"x":397074.0,"y":504875.0},"xCellSize":250,"yCellSize":250}}; ExternalHistorical; {"timeStepId":"each_15_min","unit":"Minute","multiplier":15}
50; 4df529942a74d7654f0766855e5e79fc87af5a3304925a6cca35abadf45b0c32; FLO2D; Grid; {"parameterId":"O.Waterlevel","variable":"Waterlevel","unit":"m","parameterType":"Instantaneous"}; {"locationId":"wdias_hanwella_basin_50","description":"Hanwella Basin 50","rows":120,"columns":139,"geoDatum":"Kandawala","gridFirstCell":{"firstCellCenter":{"x":397074.0,"y":504875.0},"xCellSize":250,"yCellSize":250}}; ExternalHistorical; {"timeStepId":"each_15_min","unit":"Minute","multiplier":15}
51; a5e8ef98d018806516cc0731ce153fa8a75cf9a1347276dfe2b8346d771877fd; FLO2D; Grid; {"parameterId":"O.Waterlevel","variable":"Waterlevel","unit":"m","parameterType":"Instantaneous"}; {"locationId":"wdias_hanwella_basin_51","description":"Hanwella Basin 51","rows":120,"columns":139,"geoDatum":"Kandawala","gridFirstCell":{"firstCellCenter":{"x":397074.0,"y":504875.0},"xCellSize":250,"yCellSize":250}}; ExternalHistorical; {"timeStepId":"each_15_min","unit":"Minute","multiplier":15}
52; af9a0d8829403cd33bb5037738ea91793046fe31efb74634157b07c8db667bd4; FLO2D; Grid; {"parameterId":"O.Waterlevel","variable":"Waterlevel","unit":"m","parameterType":"Instantaneous"}; {"locationId":"wdias_hanwella_basin_52","description":"Hanwella Basin 52","rows":120,"columns":139,"geoDatum":"Kandawala","gridFirstCell":{"firstCellCenter":{"x":397074.0,"y":504875.0},"xCellSize":250,"yCellSize":250}}; ExternalHistorical; {"timeStepId":"each_15_min","unit":"Minute","multiplier":15}
53; 282e1e8b6c0d08465ddd4a3dc1ece27104199ce0bda0ced007d57dd308e83247; FLO2D; Grid; {"parameterId":"O.Waterlevel","variable":"Waterlevel","unit":"m","parameterType":"Instantaneous"}; {"locationId":"wdias_hanwella_basin_53","description":"Hanwella Basin 53","rows":120,"columns":139,"geoDatum":"Kandawala","gridFirstCell":{"firstCellCenter":{"x":397074.0,"y":504875.0},"xCellSize":250,"yCellSize":250}}; ExternalHistorical; {"timeStepId":"each_15_min","unit":"Minute","multiplier":15}
54; f552ff63d404bc34a499a00e6b75acf21194219f8acf2424b9aeb8731e953045; FLO2D; Grid; {"parameterId":"O.Waterlevel","variable":"Waterlevel","unit":"m","parameterType":"Instantaneous"}; {"locationId":"wdias_hanwella_basin_54","description":"Hanwella Basin 54","rows":120,"columns":139,"geoDatum":"Kandawala","gridFirstCell":{"firstCellCenter":{"x":397074.0,"y":504875.0},"xCellSize":250,"yCellSize":250}}; ExternalHistorical; {"timeStepId":"each_15_min","unit":"Minute","multiplier":15}
55; 364f211f567f39b3526358986ad26db2e4904bd81cbdc97a93370e7c9999fb3c; FLO2D; Grid; {"parameterId":"O.Waterlevel","variable":"Waterlevel","unit":"m","parameterType":"Instantaneous"}; {"locationId":"wdias_hanwella_basin_55","description":"Hanwella Basin 55","rows":120,"columns":139,"geoDatum":"Kandawala","gridFirstCell":{"firstCellCenter":{"x":397074.0,"y":504875.0},"xCellSize":250,"yCellSize":250}}; ExternalHistorical; {"timeStepId":"each_15_min","unit":"Minute","multiplier":15}
56; 7145e3779379ebcb75816a7955068744e1e285d226f70cb959c4221a56009110; FLO2D; Grid; {"parameterId":"O.Waterlevel","variable":"Waterlevel","unit":"m","parameterType":"Instantaneous"}; {"locationId":"wdias_hanwella_basin_56","description":"Hanwella Basin 56","rows":120,"columns":139,"geoDatum":"Kandawala","gridFirstCell":{"firstCellCenter":{"x":397074.0,"y":504875.0},"xCellSize":250,"yCellSize":250}}; ExternalHistorical; {"timeStepId":"each_15_min","unit":"Minute","multiplier":15}
57; 66ba1866e9bfc64eae15e5366aa584e1a88ca25e94a709b9a9b727784454a54f; FLO2D; Grid; {"parameterId":"O.Waterlevel","variable":"Waterlevel","unit":"m","parameterType":"Instantaneous"}; {"locationId":"wdias_hanwella_basin_57","description":"Hanwella Basin 57","rows":120,"columns":139,"geoDatum":"Kandawala","gridFirstCell":{"firstCellCenter":{"x":397074.0,"y":504875.0},"xCellSize":250,"yCellSize":250}}; ExternalHistorical; {"timeStepId":"each_15_min","unit":"Minute","multiplier":15}
58; 1cc1aca8d3da81f1339e12ac014c141497f62ff205ddd1a401bf5dce00b5c9ea; FLO2D; Grid; {"parameterId":"O.Waterlevel","variable":"Waterlevel","unit":"m","parameterType":"Instantaneous"}; {"locationId":"wdias_hanwella_basin_58","description":"Hanwella Basin 58","rows":120,"columns":139,"geoDatum":"Kandawala","gridFirstCell":{"firstCellCenter":{"x":397074.0,"y":504875.0},"xCellSize":250,"yCellSize":250}}; ExternalHistorical; {"timeStepId":"each_15_min","unit":"Minute","multiplier":15}
59; cd1b7f5a3601de5ba6f036f3722964a5e9934f0bc375bb97979779da7b2c049f; FLO2D; Grid; {"parameterId":"O.Waterlevel","variable":"Waterlevel","unit":"m","parameterType":"Instantaneous"}; {"locationId":"wdias_hanwella_basin_59","description":"Hanwella Basin 59","rows":120,"columns":139,"geoDatum":"Kandawala","gridFirstCell":{"firstCellCenter":{"x":397074.0,"y":504875.0},"xCellSize":250,"yCellSize":250}}; ExternalHistorical; {"timeStepId":"each_15_min","unit":"Minute","multiplier":15}
60; 4a950f9b67e76f2ed73352a3eae2d82664f30480e01e0bdedf2fd33762f7743e; FLO2D; Grid; {"parameterId":"O.Waterlevel","variable":"Waterlevel","unit":"m","parameterType":"Instantaneous"}; {"locationId":"wdias_hanwella_basin_60","description":"Hanwella Basin 60","rows":120,"columns":139,"geoDatum":"Kandawala","gridFirstCell":{"firstCellCenter":{"x":397074.0,"y":504875.0},"xCellSize":250,"yCellSize":250}}; ExternalHistorical; {"timeStepId":"each_15_min","unit":"Minute","multiplier":15}
61; 3757de2d48ee0c6f4eb7fc0484e69edc2aa52cd42913d164870a692fa94c9988; FLO2D; Grid; {"parameterId":"O.Waterlevel","variable":"Waterlevel","unit":"m","parameterType":"Instantaneous"}; {"locationId":"wdias_hanwella_basin_61","description":"Hanwella Basin 61","rows":120,"columns":139,"geoDatum":"Kandawala","gridFirstCell":{"firstCellCenter":{"x":397074.0,"y":504875.0},"xCellSize":250,"yCellSize":250}}; ExternalHistorical; {"timeStepId":"each_15_min","unit":"Minute","multiplier":15}
62; 123ee5020e4905947ab14ee10fefb09840b25965776d28b19bb4d48b604cc5bf; FLO2D; Grid; {"parameterId":"O.Waterlevel","variable":"Waterlevel","unit":"m","parameterType":"Instantaneous"}; {"locationId":"wdias_hanwella_basin_62","description":"Hanwella Basin 62","rows":120,"columns":139,"geoDatum":"Kandawala","gridFirstCell":{"firstCellCenter":{"x":397074.0,"y":504875.0},"xCellSize":250,"yCellSize":250}}; ExternalHistorical; {"timeStepId":"each_15_min","unit":"Minute","multiplier":15}
63; 5428f523fd565e5e1868abdea3240cda33e07b07a6ba4a53a6ab0172f742e2a6; FLO2D; Grid; {"parameterId":"O.Waterlevel","variable":"Waterlevel","unit":"m","parameterType":"Instantaneous"}; {"locationId":"wdias_hanwella_basin_63","description":"Hanwella Basin 63","rows":120,"columns":139,"geoDatum":"Kandawala","gridFirstCell":{"firstCellCenter":{"x":397074.0,"y":504875.0},"xCellSize":250,"yCellSize":250}}; ExternalHistorical; {"timeStepId":"each_15_min","unit":"Minute","multiplier":15}
64; ccb628c7bc771590a27699b3c70d05fc1f85b3cb7d6ad6ccf9e006af8cca1e61; FLO2D; Grid; {"parameterId":"O.Waterlevel","variable":"Waterlevel","unit":"m","parameterType":"Instantaneous"}; {"locationId":"wdias_hanwella_basin_64","description":"Hanwella Basin 64","rows":120,"columns":139,"geoDatum":"Kandawala","gridFirstCell":{"firstCellCenter":{"x":397074.0,"y":504875.0},"xCellSize":250,"yCellSize":250}}; ExternalHistorical; {"timeStepId":"each_15_min","unit":"Minute","multiplier":15}
65; da4c1194b5aff5f8cf18fb33f017e26ec0f41fcd6df75d47a55653f7c8fa57aa; FLO2D; Grid; {"parameterId":"O.Waterlevel","variable":"Waterlevel","unit":"m","parameterType":"Instantaneous"}; {"locationId":"wdias_hanwella_basin_65","description":"Hanwella Basin 65","rows":120,"columns":139,"geoDatum":"Kandawala","gridFirstCell":{"firstCellCenter":{"x":397074.0,"y":504875.0},"xCellSize":250,"yCellSize":250}}; ExternalHistorical; {"timeStepId":"each_15_min","unit":"Minute","multiplier":15}
66; 749db88b3d37b500a07fc88517d5d080ee6956b151a7c9921eefbcece42851c2; FLO2D; Grid; {"parameterId":"O.Waterlevel","variable":"Waterlevel","unit":"m","parameterType":"Instantaneous"}; {"locationId":"wdias_hanwella_basin_66","description":"Hanwella Basin 66","rows":120,"columns":139,"geoDatum":"Kandawala","gridFirstCell":{"firstCellCenter":{"x":397074.0,"y":504875.0},"xCellSize":250,"yCellSize":250}}; ExternalHistorical; {"timeStepId":"each_15_min","unit":"Minute","multiplier":15}
67; 97ba6733a4b51be68c539b20fff7337bb6324604a87a42ac23ebe57dbc2f649e; FLO2D; Grid; {"parameterId":"O.Waterlevel","variable":"Waterlevel","unit":"m","parameterType":"Instantaneous"}; {"locationId":"wdias_hanwella_basin_67","description":"Hanwella Basin 67","rows":120,"columns":139,"geoDatum":"Kandawala","gridFirstCell":{"firstCellCenter":{"x":397074.0,"y":504875.0},"xCellSize":250,"yCellSize":250}}; ExternalHistorical; {"timeStepId":"each_15_min","unit":"Minute","multiplier":15}
68; 447aa315330c3b16d06dcd2b353d26b996de6bca769d9ade15aaf31dd891deed; FLO2D; Grid; {"parameterId":"O.Waterlevel","variable":"Waterlevel","unit":"m","parameterType":"Instantaneous"}; {"locationId":"wdias_hanwella_basin_68","description":"Hanwella Basin 68","rows":120,"columns":139,"geoDatum":"Kandawala","gridFirstCell":{"firstCellCenter":{"x":397074.0,"y":504875.0},"xCellSize":250,"yCellSize":250}}; ExternalHistorical; {"timeStepId":"each_15_min","unit":"Minute","multiplier":15}
69; ad9285004f36c8a5f4a9a9275aed9f0d15fbdb96f1db1106dfd3cce2de019a1c; FLO2D; Grid; {"parameterId":"O.Waterlevel","variable":"Waterlevel","unit":"m","parameterType":"Instantaneous"}; {"locationId":"wdias_hanwella_basin_69","description":"Hanwella Basin 69","rows":120,"columns":139,"geoDatum":"Kandawala","gridFirstCell":{"firstCellCenter":{"x":397074.0,"y":504875.0},"xCellSize":250,"yCellSize":250}}; ExternalHistorical; {"timeStepId":"each_15_min","unit":"Minute","multiplier":15}
70; 7d182c90135532bb24f475a892acfeb3ee5af630129763b8496ed1a6554c967e; FLO2D; Grid; {"parameterId":"O.Waterlevel","variable":"Waterlevel","unit":"m","parameterType":"Instantaneous"}; {"locationId":"wdias_hanwella_basin_70","description":"Hanwella Basin 70","rows":120,"columns":139,"geoDatum":"Kandawala","gridFirstCell":{"firstCellCenter":{"x":397074.0,"y":504875.0},"xCellSize":250,"yCellSize":250}}; ExternalHistorical; {"timeStepId":"each_15_min","unit":"Minute","multiplier":15}
71; 13549b80f4f1a330f1421a64034505fae5842e0b2469703b67ab652971cfa372; FLO2D; Grid; {"parameterId":"O.Waterlevel","variable":"Waterlevel","unit":"m","parameterType":"Instantaneous"}; {"locationId":"wdias_hanwella_basin_71","description":"Hanwella Basin 71","rows":120,"columns":139,"geoDatum":"Kandawala","gridFirstCell":{"firstCellCenter":{"x":397074.0,"y":504875.0},"xCellSize":250,"yCellSize":250}}; ExternalHistorical; {"timeStepId":"each_15_min","unit":"Minute","multiplier":15}
72; a1f4fdec3515b2c62d2f1cb18786569b5e91f41827028acc90d040fe051d0229; FLO2D; Grid; {"parameterId":"O.Waterlevel","variable":"Waterlevel","unit":"m","parameterType":"Instantaneous"}; {"locationId":"wdias_hanwella_basin_72","description":"Hanwella Basin 72","rows":120,"columns":139,"geoDatum":"Kandawala","gridFirstCell":{"firstCellCenter":{"x":397074.0,"y":504875.0},"xCellSize":250,"yCellSize":250}}; ExternalHistorical; {"timeStepId":"each_15_min","unit":"Minute","multiplier":15}
73; 02db6801340f4737ad7cc8c0a79af4e4c1e0d61eba79d936dfd0b0dbe354652a; FLO2D; Grid; {"parameterId":"O.Waterlevel","variable":"Waterlevel","unit":"m","parameterType":"Instantaneous"}; {"locationId":"wdias_hanwella_basin_73","description":"Hanwella Basin 73","rows":120,"columns":139,"geoDatum":"Kandawala","gridFirstCell":{"firstCellCenter":{"x":397074.0,"y":504875.0},"xCellSize":250,"yCellSize":250}}; ExternalHistorical; {"timeStepId":"each_15_min","unit":"Minute","multiplier":15}
74; 419c71ceb0733feea85b56480cb57a9950a2c1a0db40e9d2e91c598731bf5c98; FLO2D; Grid; {"parameterId":"O.Waterlevel","variable":"Waterlevel","unit":"m","parameterType":"Instantaneous"}; {"locationId":"wdias_hanwella_basin_74","description":"Hanwella Basin 74","rows":120,"columns":139,"geoDatum":"Kandawala","gridFirstCell":{"firstCellCenter":{"x":397074.0,"y":504875.0},"xCellSize":250,"yCellSize":250}}; ExternalHistorical; {"timeStepId":"each_15_min","unit":"Minute","multiplier":15}
75; fc0475d165c10679bcafed48292f4f763c9927246f3d582035cf202323fbefe3; FLO2D; Grid; {"parameterId":"O.Waterlevel","variable":"Waterlevel","unit":"m","parameterType":"Instantaneous"}; {"locationId":"wdias_hanwella_basin_75","description":"Hanwella Basin 75","rows":120,"columns":139,"geoDatum":"Kandawala","gridFirstCell":{"firstCellCenter":{"x":397074.0,"y":504875.0},"xCellSize":250,"yCellSize":250}}; ExternalHistorical; {"timeStepId":"each_15_min","unit":"Minute","multiplier":15}
76; 754800b69856815ff8ce2f32c3da04ccfcd9d784ffe3b4b72f1832294b7f4069; FLO2D; Grid; {"parameterId":"O.Waterlevel","variable":"Waterlevel","unit":"m","parameterType":"Instantaneous"}; {"locationId":"wdias_hanwella_basin_76","description":"Hanwella Basin 76","rows":120,"columns":139,"geoDatum":"Kandawala","gridFirstCell":{"firstCellCenter":{"x":397074.0,"y":504875.0},"xCellSize":250,"yCellSize":250}}; ExternalHistorical; {"timeStepId":"each_15_min","unit":"Minute","multiplier":15}
77; fe448b1a798395e41f49adbf2c3e8f8df373b87cdf4f2dccbbff2667382aaf85; FLO2D; Grid; {"parameterId":"O.Waterlevel","variable":"Waterlevel","unit":"m","parameterType":"Instantaneous"}; {"locationId":"wdias_hanwella_basin_77","description":"Hanwella Basin 77","rows":120,"columns":139,"geoDatum":"Kandawala","gridFirstCell":{"firstCellCenter":{"x":397074.0,"y":504875.0},"xCellSize":250,"yCellSize":250}}; ExternalHistorical; {"timeStepId":"each_15_min","unit":"Minute","multiplier":15}
78; d2fa7ac71c08b44e842e3470ebf38ca9054db1a7c3d29e1d09b891ffa00a368e; FLO2D; Grid; {"parameterId":"O.Waterlevel","variable":"Waterlevel","unit":"m","parameterType":"Instantaneous"}; {"locationId":"wdias_hanwella_basin_78","description":"Hanwella Basin 78","rows":120,"columns":139,"geoDatum":"Kandawala","gridFirstCell":{"firstCellCenter":{"x":397074.0,"y":504875.0},"xCellSize":250,"yCellSize":250}}; ExternalHistorical; {"timeStepId":"each_15_min","unit":"Minute","multiplier":15}
79; 6c4e6e2c3c34d940e43161dbbd135d9a19cf1b2e5de986ff623cf69088a5e58c; FLO2D; Grid; {"parameterId":"O.Waterlevel","variable":"Waterlevel","unit":"m","parameterType":"Instantaneous"}; {"locationId":"wdias_hanwella_basin_79","description":"Hanwella Basin 79","rows":120,"columns":139,"geoDatum":"Kandawala","gridFirstCell":{"firstCellCenter":{"x":397074.0,"y":504875.0},"xCellSize":250,"yCellSize":250}}; ExternalHistorical; {"timeStepId":"each_15_min","unit":"Minute","multiplier":15}
80; b36e47f5e6f6d88329d1ae257d6c78fa8489abdd1fd0e6d9b107dd5fa54f96d7; FLO2D; Grid; {"parameterId":"O.Waterlevel","variable":"Waterlevel","unit":"m","parameterType":"Instantaneous"}; {"locationId":"wdias_hanwella_basin_80","description":"Hanwella Basin 80","rows":120,"columns":139,"geoDatum":"Kandawala","gridFirstCell":{"firstCellCenter":{"x":397074.0,"y":504875.0},"xCellSize":250,"yCellSize":250}}; ExternalHistorical; {"timeStepId":"each_15_min","unit":"Minute","multiplier":15}
81; f17554cd5c188b5fb6ef1be4ebbdd01fae86cf26878f0d664506829632932382; FLO2D; Grid; {"parameterId":"O.Waterlevel","variable":"Waterlevel","unit":"m","parameterType":"Instantaneous"}; {"locationId":"wdias_hanwella_basin_81","description":"Hanwella Basin 81","rows":120,"columns":139,"geoDatum":"Kandawala","gridFirstCell":{"firstCellCenter":{"x":397074.0,"y":504875.0},"xCellSize":250,"yCellSize":250}}; ExternalHistorical; {"timeStepId":"each_15_min","unit":"Minute","multiplier":15}
82; efe350851f115c2a424b3e51be06526f3f4df619f689783139cd2955e5c828f4; FLO2D; Grid; {"parameterId":"O.Waterlevel","variable":"Waterlevel","unit":"m","parameterType":"Instantaneous"}; {"locationId":"wdias_hanwella_basin_82","description":"Hanwella Basin 82","rows":120,"columns":139,"geoDatum":"Kandawala","gridFirstCell":{"firstCellCenter":{"x":397074.0,"y":504875.0},"xCellSize":250,"yCellSize":250}}; ExternalHistorical; {"timeStepId":"each_15_min","unit":"Minute","multiplier":15}
83; 97c169088291afcdc0179d6162967c2d3a4bf1263d02bd88faccc01614e64d4e; FLO2D; Grid; {"parameterId":"O.Waterlevel","variable":"Waterlevel","unit":"m","parameterType":"Instantaneous"}; {"locationId":"wdias_hanwella_basin_83","description":"Hanwella Basin 83","rows":120,"columns":139,"geoDatum":"Kandawala","gridFirstCell":{"firstCellCenter":{"x":397074.0,"y":504875.0},"xCellSize":250,"yCellSize":250}}; ExternalHistorical; {"timeStepId":"each_15_min","unit":"Minute","multiplier":15}
84; fd13f2be78c6f17bc4d6f1a1e6918b4417d17349744faaddbbd0b44167d79832; FLO2D; Grid; {"parameterId":"O.Waterlevel","variable":"Waterlevel","unit":"m","parameterType":"Instantaneous"}; {"locationId":"wdias_hanwella_basin_84","description":"Hanwella Basin 84","rows":120,"columns":139,"geoDatum":"Kandawala","gridFirstCell":{"firstCellCenter":{"x":397074.0,"y":504875.0},"xCellSize":250,"yCellSize":250}}; ExternalHistorical; {"timeStepId":"each_15_min","unit":"Minute","multiplier":15}
85; 7a5d1fb6ae1b0af0a9058c4bcf203fc73038b20267fcecc0f69e2652332eff61; FLO2D; Grid; {"parameterId":"O.Waterlevel","variable":"Waterlevel","unit":"m","parameterType":"Instantaneous"}; {"locationId":"wdias_hanwella_basin_85","description":"Hanwella Basin 85","rows":120,"columns":139,"geoDatum":"Kandawala","gridFirstCell":{"firstCellCenter":{"x":397074.0,"y":504875.0},"xCellSize":250,"yCellSize":250}}; ExternalHistorical; {"timeStepId":"each_15_min","unit":"Minute","multiplier":15}
86; 56b7970f90d7302735a3da94b28275b95d17b97617661e0a3a308fd16b3ce0be; FLO2D; Grid; {"parameterId":"O.Waterlevel","variable":"Waterlevel","unit":"m","parameterType":"Instantaneous"}; {"locationId":"wdias_hanwella_basin_86","description":"Hanwella Basin 86","rows":120,"columns":139,"geoDatum":"Kandawala","gridFirstCell":{"firstCellCenter":{"x":397074.0,"y":504875.0},"xCellSize":250,"yCellSize":250}}; ExternalHistorical; {"timeStepId":"each_15_min","unit":"Minute","multiplier":15}
87; c8155ec08c78f4590010c0216610473f75f9809a557e2aaaa46025a2d7054050; FLO2D; Grid; {"parameterId":"O.Waterlevel","variable":"Waterlevel","unit":"m","parameterType":"Instantaneous"}; {"locationId":"wdias_hanwella_basin_87","description":"Hanwella Basin 87","rows":120,"columns":139,"geoDatum":"Kandawala","gridFirstCell":{"firstCellCenter":{"x":397074.0,"y":504875.0},"xCellSize":250,"yCellSize":250}}; ExternalHistorical; {"timeStepId":"each_15_min","unit":"Minute","multiplier":15}
88; 0705a21dbebe29404fdca18e9fb1031280c6dd3458d057415023459bb5031801; FLO2D; Grid; {"parameterId":"O.Waterlevel","variable":"Waterlevel","unit":"m","parameterType":"Instantaneous"}; {"locationId":"wdias_hanwella_basin_88","description":"Hanwella Basin 88","rows":120,"columns":139,"geoDatum":"Kandawala","gridFirstCell":{"firstCellCenter":{"x":397074.0,"y":504875.0},"xCellSize":250,"yCellSize":250}}; ExternalHistorical; {"timeStepId":"each_15_min","unit":"Minute","multiplier":15}
89; 69543fbb7dda508aa5adbb2e576a34a856e43fc74361ccb2f62d51ea7476b37c; FLO2D; Grid; {"parameterId":"O.Waterlevel","variable":"Waterlevel","unit":"m","parameterType":"Instantaneous"}; {"locationId":"wdias_hanwella_basin_89","description":"Hanwella Basin 89","rows":120,"columns":139,"geoDatum":"Kandawala","gridFirstCell":{"firstCellCenter":{"x":397074.0,"y":504875.0},"xCellSize":250,"yCellSize":250}}; ExternalHistorical; {"timeStepId":"each_15_min","unit":"Minute","multiplier":15}
90; 9bddde366e64d7efee8c3801cc8f3d00498855075ef8bde5a682be081ce76841; FLO2D; Grid; {"parameterId":"O.Waterlevel","variable":"Waterlevel","unit":"m","parameterType":"Instantaneous"}; {"locationId":"wdias_hanwella_basin_90","description":"Hanwella Basin 90","rows":120,"columns":139,"geoDatum":"Kandawala","gridFirstCell":{"firstCellCenter":{"x":397074.0,"y":504875.0},"xCellSize":250,"yCellSize":250}}; ExternalHistorical; {"timeStepId":"each_15_min","unit":"Minute","multiplier":15}
91; 4435e2d6c28c215e96b12d8c68d34743ea1b69d0d8954b54d08127a689f127f5; FLO2D; Grid; {"parameterId":"O.Waterlevel","variable":"Waterlevel","unit":"m","parameterType":"Instantaneous"}; {"locationId":"wdias_hanwella_basin_91","description":"Hanwella Basin 91","rows":120,"columns":139,"geoDatum":"Kandawala","gridFirstCell":{"firstCellCenter":{"x":397074.0,"y":504875.0},"xCellSize":250,"yCellSize":250}}; ExternalHistorical; {"timeStepId":"each_15_min","unit":"Minute","multiplier":15}
92; f6e81e166431f67f3b2a294540a148300643711cd5f51bf59353e76b2825d038; FLO2D; Grid; {"parameterId":"O.Waterlevel","variable":"Waterlevel","unit":"m","parameterType":"Instantaneous"}; {"locationId":"wdias_hanwella_basin_92","description":"Hanwella Basin 92","rows":120,"columns":139,"geoDatum":"Kandawala","gridFirstCell":{"firstCellCenter":{"x":397074.0,"y":504875.0},"xCellSize":250,"yCellSize":250}}; ExternalHistorical; {"timeStepId":"each_15_min","unit":"Minute","multiplier":15}
93; ea08dbe53fb17dc1e2db9e33f040991b8a9acf2f795e517a6135eddd2440f128; FLO2D; Grid; {"parameterId":"O.Waterlevel","variable":"Waterlevel","unit":"m","parameterType":"Instantaneous"}; {"locationId":"wdias_hanwella_basin_93","description":"Hanwella Basin 93","rows":120,"columns":139,"geoDatum":"Kandawala","gridFirstCell":{"firstCellCenter":{"x":397074.0,"y":504875.0},"xCellSize":250,"yCellSize":250}}; ExternalHistorical; {"timeStepId":"each_15_min","unit":"Minute","multiplier":15}
94; a45f767de20186cbf38e54e3754427f664190463a64ab7bb0fab47fe45d635d5; FLO2D; Grid; {"parameterId":"O.Waterlevel","variable":"Waterlevel","unit":"m","parameterType":"Instantaneous"}; {"locationId":"wdias_hanwella_basin_94","description":"Hanwella Basin 94","rows":120,"columns":139,"geoDatum":"Kandawala","gridFirstCell":{"firstCellCenter":{"x":397074.0,"y":504875.0},"xCellSize":250,"yCellSize":250}}; ExternalHistorical; {"timeStepId":"each_15_min","unit":"Minute","multiplier":15}
95; d0dc549079bf24ae65122acc6f9084c356153b30bed2b501bd29c18b4dde33ee; FLO2D; Grid; {"parameterId":"O.Waterlevel","variable":"Waterlevel","unit":"m","parameterType":"Instantaneous"}; {"locationId":"wdias_hanwella_basin_95","description":"Hanwella Basin 95","rows":120,"columns":139,"geoDatum":"Kandawala","gridFirstCell":{"firstCellCenter":{"x":397074.0,"y":504875.0},"xCellSize":250,"yCellSize":250}}; ExternalHistorical; {"timeStepId":"each_15_min","unit":"Minute","multiplier":15}
96; 8b15fa4404595dba4037d2804d0778bc581a300ae28c88e7b22965416148d295; FLO2D; Grid; {"parameterId":"O.Waterlevel","variable":"Waterlevel","unit":"m","parameterType":"Instantaneous"}; {"locationId":"wdias_hanwella_basin_96","description":"Hanwella Basin 96","rows":120,"columns":139,"geoDatum":"Kandawala","gridFirstCell":{"firstCellCenter":{"x":397074.0,"y":504875.0},"xCellSize":250,"yCellSize":250}}; ExternalHistorical; {"timeStepId":"each_15_min","unit":"Minute","multiplier":15}
97; a46a11e879f4581abe5efb2899e96f4f383e611bc875d4cc6f5d3d012c941398; FLO2D; Grid; {"parameterId":"O.Waterlevel","variable":"Waterlevel","unit":"m","parameterType":"Instantaneous"}; {"locationId":"wdias_hanwella_basin_97","description":"Hanwella Basin 97","rows":120,"columns":139,"geoDatum":"Kandawala","gridFirstCell":{"firstCellCenter":{"x":397074.0,"y":504875.0},"xCellSize":250,"yCellSize":250}}; ExternalHistorical; {"timeStepId":"each_15_min","unit":"Minute","multiplier":15}
98; 764fd4adb51a6eaa02923954d5a8c3793c07539c8ac5e6bb66f1f943553d76f2; FLO2D; Grid; {"parameterId":"O.Waterlevel","variable":"Waterlevel","unit":"m","parameterType":"Instantaneous"}; {"locationId":"wdias_hanwella_basin_98","description":"Hanwella Basin 98","rows":120,"columns":139,"geoDatum":"Kandawala","gridFirstCell":{"firstCellCenter":{"x":397074.0,"y":504875.0},"xCellSize":250,"yCellSize":250}}; ExternalHistorical; {"timeStepId":"each_15_min","unit":"Minute","multiplier":15}
99; 9043b72aac90060e3b14587f297c7cf0ae1d5462542f60acc92d4adef5623915; FLO2D; Grid; {"parameterId":"O.Waterlevel","variable":"Waterlevel","unit":"m","parameterType":"Instantaneous"}; {"locationId":"wdias_hanwella_basin_99","description":"Hanwella Basin 99","rows":120,"columns":139,"geoDatum":"Kandawala","gridFirstCell":{"firstCellCenter":{"x":397074.0,"y":504875.0},"xCellSize":250,"yCellSize":250}}; ExternalHistorical; {"timeStepId":"each_15_min","unit":"Minute","multiplier":15}
100; 5193f66f14cb24abb68beb0d2eca15917dd3cf25bbb628660780b16d36a648ac; FLO2D; Grid; {"parameterId":"O.Waterlevel","variable":"Waterlevel","unit":"m","parameterType":"Instantaneous"}; {"locationId":"wdias_hanwella_basin_100","description":"Hanwella Basin 100","rows":120,"columns":139,"geoDatum":"Kandawala","gridFirstCell":{"firstCellCenter":{"x":397074.0,"y":504875.0},"xCellSize":250,"yCellSize":250}}; ExternalHistorical; {"timeStepId":"each_15_min","unit":"Minute","multiplier":15}